{"4": {"varyingDepth": {"spt": [[3.264048999468911, 3.4209588819641574, 3.393884710015955, 3.374302351012449, 3.374302351012449], [3.278023618208935, 3.326776277572874, 3.398650750392939, 3.4407297572176065, 3.4407297572176065], [3.325388178597497, 3.411723020538889, 3.427360926807756, 3.426412762058649, 3.426412762058649], [3.29121113695335, 3.3769290140782933, 3.3601841018565013, 3.3649985867868084, 3.3649985867868084], [3.3112059527233404, 3.4237120316168714, 3.435346146977044, 3.4325461667741664, 3.4325461667741664], [3.2420147574171723, 3.27570729563248, 3.3100194798676443, 3.309051949598824, 3.309051949598824], [3.3213458707179377, 3.42171153067776, 3.4180068400713046, 3.4305997802038366, 3.4305997802038366], [3.255538689749866, 3.2659812301175566, 3.24001261261824, 3.2475919418452426, 3.2475919418452426], [3.2085644747567263, 3.2638445315468125, 3.2731360454248755, 3.2796140449726088, 3.2796140449726088], [3.2740375788766296, 3.382068271271197, 3.405376724936864, 3.393289946069494, 3.393289946069494]], "opt": [[3.3168532853328223, 3.426778855060692, 3.477918440774578, 3.5105949871824946, 3.5105949871824946], [3.2949774136039776, 3.424419947413534, 3.5067959746710557, 3.5263389680332375, 3.5263389680332375], [3.327827425679165, 3.4129496198140985, 3.458763864340241, 3.4833240800678738, 3.4833240800678738], [3.2940271790238134, 3.401177071379276, 3.4587079063569943, 3.4791252599246736, 3.4791252599246736], [3.315050771772366, 3.4363266952017204, 3.4829465868445704, 3.5005038626597043, 3.5005038626597043], [3.3080091577041077, 3.4361334058272113, 3.4892887073396595, 3.5166085510543845, 3.5166085510543845], [3.32371138232864, 3.431234995386155, 3.4971748687475577, 3.5225373650725893, 3.5225373650725893], [3.3081831257196863, 3.404806614630572, 3.460738283430475, 3.4904370330241634, 3.4904370330241634], [3.3203097868621056, 3.417983984059138, 3.4695557440268066, 3.493430755926014, 3.493430755926014], [3.315994027737961, 3.4441412030940795, 3.4907442431780917, 3.511867313529049, 3.511867313529049]]}}}